<?xml version='1.0' encoding='utf-8' standalone='yes' ?>
<map>
    <boolean name="3980" value="true" />
    <boolean name="3067" value="true" />
    <boolean name="2021" value="true" />
    <boolean name="3131" value="true" />
    <boolean name="2020" value="false" />
    <boolean name="2383" value="true" />
    <boolean name="3591" value="true" />
    <boolean name="2559" value="true" />
    <boolean name="3902" value="true" />
    <boolean name="2964" value="true" />
    <boolean name="2731" value="true" />
    <boolean name="2500" value="true" />
    <boolean name="2412" value="true" />
    <boolean name="2862" value="true" />
    <int name="2244" value="900" />
    <float name="2638" value="2.0" />
    <boolean name="3308" value="true" />
</map>
