<?xml version='1.0' encoding='utf-8' standalone='yes' ?>
<map>
    <string name="phoneid_id1">d4b906de-2996-40c4-a0d2-493b4a986737</string>
    <int name="pref_autoconf_verification_status" value="-1" />
    <int name="registration_voice_code_length" value="6" />
    <boolean name="companion_reg_opt_in_enabled" value="true" />
    <int name="reg_attempts_check_exist" value="1" />
    <boolean name="md_opt_in_show_forced_dialog" value="true" />
    <boolean name="pref_prefer_sms_over_flash" value="false" />
    <string name="backup_token_source">block_store</string>
    <long name="dithered_last_signed_prekey_rotation" value="1689813946055" />
    <string name="pref_autoconf_feo2_query_status">error_security_exception</string>
    <int name="c2dm_app_vers" value="230975004" />
    <string name="sticker_store_etag">01451c23144d09b14f162d3c3e50c618</string>
    <long name="ka_retried_ts" value="1691572944" />
    <string name="c2dm_reg_id">dFqOL1ehGWc:APA91bGByIOFYRokfOSmOAeV9F60FypdstGzTL-EARTF2LovgEFxKv1Ph-a7nyJRZ1d2qXI9H4IbCgDz6u72cVHLIEwAXC2S7H-j-XqaBtY_NIEIfbx-l94p_dvoC8LMGqYN0TLuhOLT</string>
    <int name="connection_lc" value="0" />
    <boolean name="signal_protocol_store_is_new" value="true" />
    <string name="pref_autoconf_status">autoconf_server_enabled</string>
    <boolean name="registration_use_sms_retriever" value="true" />
    <string name="pref_pre_chatd_ab_hash">4axv6P</string>
    <long name="client_version_upgrade_timestamp" value="1691572932027" />
    <long name="sticker_store_last_fetch_time" value="1691572932356" />
    <long name="next_randomized_daily_cron" value="1691608024528" />
    <long name="eula_accepted_time" value="1691572936193" />
    <int name="reg_skip_storage_perm" value="0" />
    <boolean name="is_eula_loaded_once" value="true" />
    <boolean name="is_ls_shown_during_reg" value="true" />
    <boolean name="pref_flash_call_education_screen_displayed" value="false" />
    <long name="sticker_store_backoff_time" value="0" />
    <string name="cc">91</string>
    <string name="token_used_during_reg">x4YNwk6uejUUw6VFblJ6TEOKjr8</string>
    <long name="phoneid_timestamp1" value="1691572930217" />
    <boolean name="report_unhealthy_module" value="true" />
    <string name="registration_failure_reason"></string>
    <boolean name="reg_prefill_name" value="true" />
    <string name="external_storage_type">legacy</string>
    <long name="ka_refresh_ts" value="1691572945" />
    <string name="smb_app_install_source">unknown|unknown</string>
    <string name="pref_email_otp_status">email_otp_not_eligible</string>
    <int name="sticker_store_backoff_attempt" value="0" />
    <int name="autoconf_type" value="1" />
    <int name="registration_sms_code_length" value="6" />
    <int name="logins_with_messages" value="0" />
    <string name="perf_device_id">db5b0c8e-a67a-4c17-8348-d4c7a610cda1</string>
    <string name="com.gbwhatsapp.registration.RegisterPhone.mistyped_state">7</string>
    <string name="ph">9449168757</string>
    <string name="pref_wa_old_status">wa_old_eligible</string>
    <long name="last_heartbeat_login" value="1691516811122" />
    <boolean name="input_enter_send" value="false" />
</map>
