<?xml version='1.0' encoding='utf-8' standalone='yes' ?>
<map>
    <int name="com.gbwhatsapp.registration.RegisterPhone.phone_number_position" value="10" />
    <string name="com.gbwhatsapp.registration.RegisterPhone.input_phone_number">94491 68757</string>
    <int name="com.gbwhatsapp.registration.RegisterPhone.verification_state" value="0" />
    <string name="com.gbwhatsapp.registration.RegisterPhone.country_code">91</string>
    <int name="com.gbwhatsapp.registration.RegisterPhone.country_code_position" value="-1" />
    <string name="com.gbwhatsapp.registration.RegisterPhone.input_country_code">91</string>
    <string name="com.gbwhatsapp.registration.RegisterPhone.phone_number">9449168757</string>
</map>
