<?xml version='1.0' encoding='utf-8' standalone='yes' ?>
<map>
    <int name="default_audio_limit_mb" value="1024" />
    <int name="media_limit_mb" value="1024" />
    <int name="hq_image_max_edge" value="1000" />
    <int name="status_image_max_edge" value="1000" />
    <int name="default_media_limit_mb" value="1024" />
    <int name="image_max_kbytes" value="1000" />
    <boolean name="server_props:one_time_unlocked" value="true" />
    <int name="status_image_quality" value="80" />
    <int name="subject_length_limit" value="1024" />
    <boolean name="hd_photo_enabled" value="true" />
    <int name="image_quality" value="80" />
    <int name="document_limit_mb" value="1024" />
    <boolean name="hd_photo_setting_visible" value="true" />
    <int name="broadcast_list_size_limit" value="1024" />
    <int name="hq_image_quality" value="80" />
    <int name="image_max_edge" value="1000" />
    <int name="default_camera_limit_mb" value="1000" />
    <boolean name="status_image_compression_quality_test" value="false" />
    <int name="gif_provider" value="0" />
</map>
